tweet_id,date,chapter,pages_manuscript,n_pages,cycle_id,chapter_source,image_type,milestone_text,reviewer_note
1529260655236091904,2022-05-25,397,,0,1,reviewer_anchor,page_log,,Ch 397 p. 6 artwork
1529663083605397504,2022-05-26,397,7,1,1,cycle_anchor,page_log,,
1530022135413952512,2022-05-27,397,8,1,1,reviewer_anchor,page_log,,Ch 397 p. 8 sketch
1530401076385525761,2022-05-28,397,9,1,1,reviewer_anchor,page_log,,Ch 397 p. 9 sketch
1530748357731225600,2022-05-29,397,10,1,1,reviewer_anchor,page_log,,Ch 397 p. 10 sketch
1531112345321078784,2022-05-30,397,11,1,1,reviewer_anchor,page_log,,Ch 397 p. 11 sketch
1531471347540295680,2022-05-31,397,12,1,1,reviewer_anchor,page_log,,Ch 397 p. 12 sketch
1531834543920951296,2022-06-01,397,13,1,1,reviewer_anchor,page_log,,Ch 397 p. 13 sketch
1532195450983313408,2022-06-02,397,14,1,1,reviewer_anchor,page_log,,Ch 397 p. 14 sketch
1532558267385188352,2022-06-03,397,15 16,2,1,reviewer_anchor,page_log,,Ch 397 p. 15 16 sketch
1532920523406995456,2022-06-04,397,17 18,2,1,reviewer_anchor,page_log,,Ch 397 p. 17 18 sketch
1533283644227260416,2022-06-05,397,19,1,1,reviewer_anchor,page_log,,Ch 397 p. 19 sketch
1534007690053099520,2022-06-07,398,2,1,2,reviewer_anchor,page_log,,Ch 398 p. 2 sketch
1534370156809310210,2022-06-08,398,3 4,2,2,cycle_anchor,page_log,,
1534732400604745733,2022-06-09,398,5,1,2,reviewer_anchor,page_log,,Ch 398 p. 5 sketch
1535094793100857345,2022-06-10,398,6,1,2,cycle_anchor,page_log,,
1535457193008320513,2022-06-11,398,7,1,2,reviewer_anchor,page_log,,Ch 398 p. 7 sketch
1535820071188082688,2022-06-12,398,8 9,2,2,reviewer_anchor,page_log,,Ch 398 p. 9 sketch
1536181741542526976,2022-06-13,398,10,1,2,cycle_anchor,page_log,,
1536544533474791424,2022-06-14,398,11,1,2,reviewer_anchor,page_log,,Ch 398 p. 11 sketch
1536906649612750848,2022-06-15,398,12 13 14 15,4,2,cycle_anchor,page_log,,
1537269290688122881,2022-06-16,398,16,1,2,cycle_anchor,page_log,,
1537632258311323648,2022-06-17,398,17,1,2,reviewer_anchor,page_log,,Ch 398 p. 17 sketch
1537993636297658369,2022-06-18,398,18 19,2,2,cycle_anchor,page_log,,
1538794911759077378,2022-06-20,399,3,1,3,cycle_anchor,page_log,,
1539081629632630784,2022-06-21,399,4,1,3,cycle_anchor,page_log,,
1539443851487694848,2022-06-22,399,5,1,3,cycle_anchor,page_log,,"Page number is 5, visible but in a special font"
1539806147745484800,2022-06-23,399,6,1,3,cycle_anchor,page_log,,
1540177798618263552,2022-06-24,399,7,1,3,cycle_anchor,page_log,,
1540530537512611841,2022-06-25,399,8,1,3,cycle_anchor,page_log,,
1540895966798028801,2022-06-26,399,9,1,3,reviewer_anchor,page_log,,Ch 399 p.9 sketch
1541255538029125633,2022-06-27,399,10,1,3,reviewer_anchor,page_log,,Ch 399 p.10 sketch
1541676030489833472,2022-06-28,399,11,1,3,reviewer_anchor,page_log,,Ch 399 p.11 sketch
1541980381552922624,2022-06-29,399,12,1,3,reviewer_anchor,page_log,,Ch 399 p.12 sketch
1542343325021196291,2022-06-30,399,13,1,3,reviewer_anchor,page_log,,Ch 399 p.13 sketch
1542705613519523840,2022-07-01,399,14,1,3,reviewer_anchor,page_log,,Ch 399 p.14 sketch
1543068288862760960,2022-07-02,399,15,1,3,reviewer_anchor,page_log,,Ch 399 p.15 sketch
1543431031293767680,2022-07-03,399,16,1,3,reviewer_anchor,page_log,,Ch 399 p.16 sketch
1543792686947110912,2022-07-04,399,17,1,3,reviewer_anchor,page_log,,Ch 399 p.17 sketch
1544155535347290113,2022-07-05,399,18,1,3,reviewer_anchor,page_log,,Ch 399 p.18 sketch
1544517962953920513,2022-07-06,399,19,1,3,reviewer_anchor,page_log,,Ch 399 p.19 sketch
1545242707840225281,2022-07-08,400,2,1,4,reviewer_anchor,page_log,,Ch 400 p. 2 sketch
1545606271935533059,2022-07-09,400,3,1,4,reviewer_anchor,page_log,,Ch 400 p. 3 sketch
1545966491199188993,2022-07-10,400,4,1,4,reviewer_anchor,page_log,,Ch 400 p. 4 sketch
1546329266433826816,2022-07-11,400,5,1,4,reviewer_anchor,page_log,,Ch 400 p. 5 sketch
1546691419129098245,2022-07-12,400,6,1,4,reviewer_anchor,page_log,,Ch 400 p. 6 sketch
1547054032136863744,2022-07-13,400,7,1,4,cycle_anchor,page_log,,
1547423498426978304,2022-07-14,400,8,1,4,reviewer_anchor,page_log,,Ch 400 p. 8 sketch
1547778808207380485,2022-07-15,400,9,1,4,cycle_anchor,page_log,,
1548141221406642177,2022-07-16,400,10,1,4,reviewer_anchor,page_log,,Ch 400 p. 10 sketch
1548503498697760768,2022-07-17,400,11,1,4,cycle_anchor,page_log,,
1548865803268734976,2022-07-18,400,12,1,4,reviewer_anchor,page_log,,Ch 400 p. 12 sketch
1549228293349466112,2022-07-19,400,13,1,4,reviewer_anchor,page_log,,Ch 400 p. 13 sketch
1549591364169437184,2022-07-20,400,14,1,4,reviewer_anchor,page_log,,Ch 400 p. 14 sketch
1549952765966725120,2022-07-21,400,15,1,4,reviewer_anchor,page_log,,Ch 400 p. 15 sketch
1550315226242764802,2022-07-22,400,16,1,4,reviewer_anchor,page_log,,Ch 400 p. 16 sketch
1550677625844027392,2022-07-23,400,17,1,4,reviewer_anchor,page_log,,Ch 400 p. 17 sketch
1551045024028143616,2022-07-24,400,18,1,4,cycle_anchor,page_log,,
1551402850256707586,2022-07-25,400,19,1,4,reviewer_anchor,page_log,,Ch 400 p. 19 sketch Kurapika
1553257639051546625,2022-07-30,401,5,1,5,cycle_anchor,page_log,,
1553943032554106882,2022-08-01,401,8,1,5,reviewer_anchor,page_log,,Ch 401 p. 8 sketch
1554301262388084736,2022-08-02,401,9,1,5,reviewer_anchor,page_log,,Ch 401 p. 9 sketch
1555389385784274946,2022-08-05,401,12,1,5,reviewer_anchor,page_log,,Ch 401 p. 12 sketch
1555751795451777026,2022-08-06,401,13,1,5,reviewer_anchor,page_log,,Ch 401 p. 13 sketch
1556114159313379328,2022-08-07,401,14,1,5,cycle_anchor,page_log,,
1556478800333905920,2022-08-08,401,15,1,5,cycle_anchor,page_log,,
1556839262779088896,2022-08-09,401,16,1,5,cycle_anchor,page_log,,
1557202514189045760,2022-08-10,401,17,1,5,cycle_anchor,page_log,,
1557572968888164352,2022-08-11,401,18,1,5,cycle_anchor,page_log,,
1565901913752686592,2022-09-03,402,3,1,6,reviewer_anchor,page_log,,Ch 402 p. 3 sketch
1566280525488148480,2022-09-04,402,4,1,6,reviewer_anchor,page_log,,Ch 402 p. 4 sketch
1568203247898460161,2022-09-09,402,9,1,6,cycle_anchor,page_log,,
1568856569747755009,2022-09-11,402,11,1,6,cycle_anchor,page_log,,
1569235741808664576,2022-09-12,402,12,1,6,cycle_anchor,page_log,,
1571060822352494592,2022-09-17,402,17,1,6,cycle_anchor,page_log,,Page number is 17
1571408244450684931,2022-09-18,402,18,1,6,reviewer_anchor,page_log,,Ch 402 p. 18 sketch
1571722358100234240,2022-09-19,402,19,1,6,cycle_anchor,page_log,,
1572428421187371008,2022-09-21,403,2,1,7,cycle_anchor,page_log,,
1572812396757852160,2022-09-22,403,3,1,7,cycle_anchor,page_log,,
1573236757432336384,2022-09-23,403,4,1,7,reviewer_anchor,page_log,,Ch 403 p. 4 sketch
1573549188888993792,2022-09-24,403,5,1,7,reviewer_anchor,page_log,,Ch 403 p. 5 sketch
1574001223505567744,2022-09-25,403,6,1,7,cycle_anchor,page_log,,
1574326539394592768,2022-09-26,403,7,1,7,reviewer_anchor,page_log,,Ch 403 p. 7 sketch
1575098686904111104,2022-09-28,403,8 9,2,7,cycle_anchor,page_log,,
1576177741103124481,2022-10-01,403,10 11 12 13,4,7,cycle_anchor,page_log,,
1579463294104240129,2022-10-10,404,3 4 5 6,4,8,reviewer_anchor,page_log,,Ch 404 p. 6 sketch
1580904454253002753,2022-10-14,404,10,1,8,reviewer_anchor,page_log,,Ch 404 p. 10 sketch
1581202157696475136,2022-10-15,404,11,1,8,cycle_anchor,page_log,,
1785895428573319488,2024-05-02,405,6 7,2,9,reviewer_anchor,page_log,,Ch 405 p. 7 sketch
1786271534228951329,2024-05-03,405,8 9,2,9,reviewer_anchor,page_log,,Ch 405 p. 8 sketch
1786653489306972278,2024-05-04,405,10 11,2,9,reviewer_anchor,page_log,,Ch 405 p. 11 sketch
1786998395732988294,2024-05-05,405,12 13 14,3,9,reviewer_anchor,page_log,,Ch 405 p. 14 sketch
1787384568330301456,2024-05-06,405,15 16 17,3,9,reviewer_anchor,page_log,,Ch 405 p. 16 sketch
1788466465072640148,2024-05-09,406,4 5 6,3,10,reviewer_anchor,page_log,,Ch 406 p. 4 sketch
1788817836695331294,2024-05-10,406,7 8 9,3,10,reviewer_anchor,page_log,,Ch 406 p. 9 sketch
1789536557353087288,2024-05-12,406,13 14 15,3,10,reviewer_anchor,page_log,,Ch 406 p. 14 sketch
1790651329960087686,2024-05-15,407,4 5 7,3,11,cycle_anchor,page_log,,
1790999903046599157,2024-05-16,407,8 9 10,3,11,reviewer_anchor,page_log,,Ch 407 p. 7 matches p. 8 sketch
1791354446531695090,2024-05-17,407,11 12 13,3,11,reviewer_anchor,page_log,,Ch 407 p. 10 & 11 matches p. 11 & 12 sketch
1792827789370110105,2024-05-21,408,4 6,2,12,cycle_anchor,page_log,,
1793190105412153752,2024-05-22,408,7 8 9,3,12,reviewer_anchor,page_log,,Ch 408 p. 7 sketch
1793552523011469780,2024-05-23,408,10 11 12,3,12,reviewer_anchor,page_log,,Ch 408 p. 12 sketch
1793914960952861172,2024-05-24,408,13 14 15,3,12,reviewer_anchor,page_log,,Ch 408 p. 13 sketch
1794277256837374185,2024-05-25,408,16 17 18,3,12,cycle_anchor,page_log,,
1795364445029597344,2024-05-28,409,6 7 8,3,13,reviewer_anchor,page_log,,Ch 409 p. 6 & 7 sketch
1795726834904289495,2024-05-29,409,9 10 11,3,13,cycle_anchor,page_log,,
1796089191438447033,2024-05-30,409,12 13 14,3,13,reviewer_anchor,page_log,,Ch 409 p. 12 sketch
1796452021056545038,2024-05-31,409,15 16 17,3,13,reviewer_anchor,page_log,,Ch 409 p. 15 & 16 sketch
1797197820585497053,2024-06-02,410,2 3 4,3,14,reviewer_anchor,page_log,,Ch 410 p. 4 sketch
1797538778439090611,2024-06-03,410,5 6 7,3,14,reviewer_anchor,page_log,,Ch 410 p. 6 sketch; Killua sketch showing “p. 5” is just for numbering the page not actually appears on the published version
1797901236098023911,2024-06-04,410,8 9 10,3,14,reviewer_anchor,page_log,,Ch 410 p. 8 sketch
1798263559031501158,2024-06-05,410,11 12 13,3,14,cycle_anchor,page_log,,
1798626376557498622,2024-06-06,410,14 15 16,3,14,cycle_anchor,page_log,,
1798988560256864617,2024-06-07,410,17 18 19,3,14,cycle_anchor,page_log,,
1799350843986350568,2024-06-08,411,1 2 3,3,15,reviewer_anchor,page_log,,Ch 411 p. 1 sketch
1799770247752503341,2024-06-09,411,4 5 6,3,15,reviewer_anchor,page_log,,Ch 411 p. 5 sketch
1800075528600428979,2024-06-10,411,7 8 9,3,15,reviewer_anchor,page_log,,Ch 411 p. 8 & 9 sketch
1800800295573971089,2024-06-12,411,13 14 15,3,15,reviewer_anchor,page_log,,Ch 411 p. 14 sketch
1801162627944722613,2024-06-13,411,16 17 18,3,15,cycle_anchor,page_log,,
1802612319396168016,2024-06-17,412,3 4 5,3,16,reviewer_anchor,page_log,,Ch 412 p. 2 & 3 match 3 & 4
1802985026558320957,2024-06-18,412,6,1,16,reviewer_anchor,page_log,,Ch 412 p. 5 matches 6
1803337143743664338,2024-06-19,412,7 8 9,3,16,reviewer_anchor,page_log,,Ch 412 p. 9 & 10 match 10 & 11
1803699785347768718,2024-06-20,412,10 11 12,3,16,cycle_anchor,page_log,,
1804061999074284017,2024-06-21,412,13 14,2,16,reviewer_anchor,page_log,,Ch 412 p. 12 matches 13
1804424248049700901,2024-06-22,412,15 16 17,3,16,cycle_anchor,page_log,,
1805149366791049565,2024-06-24,413,2 3 4,3,17,cycle_anchor,page_log,,
1805517941452292310,2024-06-25,413,5 6 7,3,17,cycle_anchor,page_log,,
1805873828775817614,2024-06-26,413,8 9 10,3,17,cycle_anchor,page_log,,
1806236277743976470,2024-06-27,413,11 12 13,3,17,reviewer_anchor,page_log,,Ch 413 p. 11 sketch
1806598842818970067,2024-06-28,413,14 15 16,3,17,reviewer_anchor,page_log,,Ch 413 p. 14 sketch
1807686257998438618,2024-07-01,414,4 5 6,3,18,reviewer_anchor,page_log,,Ch 414 p. 4 sketch
1808412582673543479,2024-07-03,414,8 9,2,18,cycle_anchor,page_log,,
1809146020481372306,2024-07-05,414,11,1,18,cycle_anchor,page_log,,
1809902608343286011,2024-07-07,414,13,1,18,cycle_anchor,page_log,,
1810586451555287478,2024-07-09,414,16 17,2,18,reviewer_anchor,page_log,,Ch 414 p. 16 sketch
1810947358655705229,2024-07-10,414,18 19,2,18,cycle_anchor,page_log,,
1811672073313607994,2024-07-12,415,3 4 5,3,19,reviewer_anchor,page_log,,Ch 415 p. 4 sketch
1812039691157324227,2024-07-13,415,6 7 8,3,19,reviewer_anchor,page_log,,Ch 415 p. 6 sketch
1812419869390029241,2024-07-14,415,9 10 11,3,19,reviewer_anchor,page_log,,Ch 415 p. 10 sketch
1812759219067818266,2024-07-15,415,12 13,2,19,cycle_anchor,page_log,,
1813121614911009153,2024-07-16,415,14 15,2,19,reviewer_anchor,page_log,,Ch 415 p. 14 & 15 sketch
1813485171863351313,2024-07-17,415,16 17,2,19,cycle_anchor,page_log,,
1814572154119463163,2024-07-20,416,3,1,20,reviewer_anchor,page_log,,Ch 416 p. 3 sketch
1814934744771272834,2024-07-21,416,4,1,20,cycle_anchor,page_log,,both pages are 4
1815296394288357729,2024-07-22,416,5,1,20,cycle_anchor,page_log,,
1815665065259114815,2024-07-23,416,6 7,2,20,cycle_anchor,page_log,,
1816383027968405535,2024-07-25,416,9,1,20,reviewer_anchor,page_log,,Ch 416 p. 9 sketch
1816745938922405924,2024-07-26,416,10 11,2,20,reviewer_anchor,page_log,,Ch 416 p. 10 sketch
1817474591658586607,2024-07-28,416,13,1,20,cycle_anchor,page_log,,
1817833700547273164,2024-07-29,416,14 15,2,20,cycle_anchor,page_log,,
1818196050169217461,2024-07-30,416,16 17,2,20,reviewer_anchor,page_log,,Ch 416 p. 17 sketch
1819282115009380402,2024-08-02,417,2,1,21,reviewer_anchor,page_log,,Ch 417 p. 2 sketch
1819645880905224671,2024-08-03,417,3,1,21,reviewer_anchor,page_log,,Ch 417 p. 3 sketch
1820007259818352688,2024-08-04,417,4,1,21,cycle_anchor,page_log,,
1820380125768331689,2024-08-05,417,5 6,2,21,reviewer_anchor,page_log,,Ch 417 p. 5 sketch
1820754308746600934,2024-08-06,417,7 8,2,21,reviewer_anchor,page_log,,Ch 417 p. 7 sketch
1821094894129307742,2024-08-07,417,9 10,2,21,cycle_anchor,page_log,,
1821474816077254935,2024-08-08,417,11,1,21,cycle_anchor,page_log,,
1821819211624391128,2024-08-09,417,12,1,21,cycle_anchor,page_log,,
1822190708452893045,2024-08-10,417,13,1,21,reviewer_anchor,page_log,,Ch 417 p. 13 sketch
1822565040462942210,2024-08-11,417,14,1,21,reviewer_anchor,page_log,,Ch 417 p. 14 sketch
1823271123489812566,2024-08-13,417,16,1,21,reviewer_anchor,page_log,,Ch 417 p. 16 sketch
1823645373308535190,2024-08-14,417,17,1,21,cycle_anchor,page_log,,
1823994863806828636,2024-08-15,417,18,1,21,reviewer_anchor,page_log,,Ch 417 p. 18 sketch
1825081134868283791,2024-08-18,418,2,1,22,reviewer_anchor,page_log,,Ch 418 p. 2 sketch
1825492550997934220,2024-08-19,418,3 4,2,22,cycle_anchor,page_log,,
1825809560046809595,2024-08-20,418,5 6,2,22,reviewer_anchor,page_log,,Ch 418 p. 5 sketch
1826169801531863275,2024-08-21,418,7,1,22,reviewer_anchor,page_log,,Ch 418 p. 7 sketch
1826540225738539468,2024-08-22,418,8,1,22,reviewer_anchor,page_log,,Ch 418 p. 8 sketch
1826892826421989629,2024-08-23,418,9,1,22,reviewer_anchor,page_log,,Ch 418 p. 9 sketch
1827297359690395824,2024-08-24,418,10,1,22,cycle_anchor,page_log,,
1827619471848304826,2024-08-25,418,11,1,22,reviewer_anchor,page_log,,Ch 418 p. 11 sketch
1827981905326977056,2024-08-26,418,12,1,22,reviewer_anchor,page_log,,Ch 418 p. 12 sketch
1828342600266649952,2024-08-27,418,13,1,22,reviewer_anchor,page_log,,Ch 418 p. 13 sketch
1831648845610283430,2024-09-05,418,15,1,22,cycle_anchor,page_log,,
1831980618533732490,2024-09-06,418,16 17,2,22,reviewer_anchor,page_log,,Ch 418 p. 16 sketch
1832380555985646004,2024-09-07,418,18,1,22,reviewer_anchor,page_log,,Ch 418 p. 18 sketch
1833426874980306991,2024-09-10,419,2,1,23,enumerated,page_log,,
1834174699338858589,2024-09-12,419,4,1,23,enumerated,page_log,,
1834532700780429764,2024-09-13,419,5,1,23,enumerated,page_log,,
1834886992758555072,2024-09-14,419,6,1,23,enumerated,page_log,,
1835237596362060120,2024-09-15,419,7,1,23,enumerated,page_log,,
1835590695081427080,2024-09-16,419,8 9,2,23,enumerated,page_log,,
1836344533979926813,2024-09-18,419,12,1,23,enumerated,page_log,,
1836677429173325882,2024-09-19,419,13 14,2,23,enumerated,page_log,,
1838851210801246321,2024-09-25,420,6 7 8,3,24,enumerated,page_log,,
1839217283606131150,2024-09-26,420,9 10 11,3,24,enumerated,page_log,,
1839602562120712194,2024-09-27,420,12 13 14,3,24,enumerated,page_log,,
1839938838791368773,2024-09-28,420,15 16 17,3,24,enumerated,page_log,,
1841074277870944293,2024-10-01,421,3 4,2,25,enumerated,page_log,,
1841427298068930625,2024-10-02,421,5 6,2,25,enumerated,page_log,,
1841771494793216024,2024-10-03,421,7 8,2,25,enumerated,page_log,,
1842182988823699493,2024-10-04,421,9 10,2,25,enumerated,page_log,,
1842526216286572951,2024-10-05,421,11,1,25,enumerated,page_log,,
1842846392790000107,2024-10-06,421,12 13,2,25,enumerated,page_log,,
1843201422437028274,2024-10-07,421,14 15,2,25,enumerated,page_log,,
1843568558225404363,2024-10-08,421,16 17,2,25,enumerated,page_log,,
1844302318327759090,2024-10-10,422,1 2,2,26,enumerated,page_log,,
1844660092039569635,2024-10-11,422,3 4,2,26,enumerated,page_log,,
1845098019890586057,2024-10-12,422,5 6,2,26,enumerated,page_log,,
1845749854292840874,2024-10-14,422,9 10,2,26,enumerated,page_log,,
1846118283449446869,2024-10-15,422,11 12,2,26,enumerated,page_log,,
1846466366150529357,2024-10-16,422,13 14,2,26,enumerated,page_log,,
1846836490732818622,2024-10-17,422,15 16,2,26,enumerated,page_log,,
1847277399219802336,2024-10-18,422,17 18,2,26,enumerated,page_log,,
1847921641529225252,2024-10-20,423,2 3,2,27,enumerated,page_log,,
1848276953876631635,2024-10-21,423,4 5,2,27,enumerated,page_log,,
1849027649039188449,2024-10-23,423,8 9,2,27,enumerated,page_log,,
1849380852440215626,2024-10-24,423,10 11,2,27,enumerated,page_log,,
1849740459159191597,2024-10-25,423,12 13,2,27,enumerated,page_log,,
1850136722241425490,2024-10-26,423,14 15,2,27,enumerated,page_log,,
1850465656988475814,2024-10-27,423,16 17,2,27,enumerated,page_log,,
1851536123706941636,2024-10-30,424,3 4,2,28,enumerated,page_log,,
1851926903923577299,2024-10-31,424,5 6,2,28,enumerated,page_log,,
1852330736583692500,2024-11-01,424,7 8,2,28,enumerated,page_log,,
1852646493074702518,2024-11-02,424,9 10,2,28,enumerated,page_log,,
1853010843467960685,2024-11-03,424,11 12,2,28,enumerated,page_log,,
1853392073246011796,2024-11-04,424,13 14,2,28,enumerated,page_log,,
1853779871308411363,2024-11-05,424,15 16,2,28,enumerated,page_log,,
1978401791663390746,2025-10-15,425,2,1,29,enumerated,page_log,,
1978697089862271029,2025-10-16,425,3,1,29,enumerated,page_log,,
1979061149418057774,2025-10-17,425,4,1,29,enumerated,page_log,,
1979771078940762586,2025-10-19,425,5,1,29,enumerated,page_log,,
1981366885301309657,2025-10-23,425,6 7,2,29,enumerated,page_log,,
1987834494318162019,2025-11-10,426,1,1,30,enumerated,milestone_text,No.426 ペン入れ 開始!,This is also a page log
